{"cameraMode":{"drawMode":0,"name":"Shaded","section":"Shading Mode"},"sceneLighting":false,"audioPlay":false,"sceneViewState":{"showFog":true,"showMaterialUpdate":false,"showSkybox":false,"showFlares":true,"showImageEffects":true,"showParticleSystems":true},"in2DMode":false,"pivot":{"x":0.0,"y":-0.070000059902668,"z":1.6835947036743165},"rotation":{"x":0.42011526226997378,"y":0.49564534425735476,"z":-0.29770979285240176,"w":0.6994339227676392},"size":2.3355517387390138,"orthographic":false}